SiteCode;SiteStatus
61402088;Closed
61402376;Closed
61402907;Closed
61402598;Closed
61402380;Closed
61401567;Closed
61401824;Closed
61470911;Closed
61402057;Closed
61402011;Closed
61477127;Closed
61401380;Closed
61401453;Closed
61470149;Closed
61477621;Closed
61402899;Closed
61470095;Closed
61401101;Closed
61477085;Closed
61477130;Closed
61402771;Closed
61402349;Closed
61402485;Closed
61401815;Closed
61401997;Closed
61402680;Closed
61401918;Closed
61402054;Closed
61470966;Closed
61470122;Closed
61402481;Closed
61401825;Closed
61401063;Closed
61401052;Closed
61401978;Closed
61470505;Closed
61401908;Closed
61402900;Closed
61401298;Closed
61401023;Closed
61401863;Closed
61401124;Closed
61402656;Closed
61477081;Closed
61470253;Closed
61477933;Closed
61401777;Closed
61470189;Closed
61402874;Closed
61401797;Closed
61290151;Active
61291313;Active
61401007;Active
61401008;Active
61401010;Active
61401011;Active
61401013;Active
61401014;Active
61401015;Active
61401017;Active
61401019;Active
61401020;Active
61401024;Active
61401025;Active
61401027;Active
61401029;Active
61401030;Active
61401031;Active
61401033;Active
61401035;Active
61401038;Active
61401039;Active
61401044;Active
61401046;Active
61401047;Active
61401051;Active
61401053;Active
61401054;Active
61401057;Active
61401061;Active
61401062;Active
61401064;Active
61401067;Active
61401068;Active
61401080;Active
61401083;Active
61401090;Active
61401092;Active
61401094;Active
61401106;Active
61401110;Active
61401117;Active
61401118;Active
61401119;Active
61401126;Active
61401128;Active
61401131;Active
61401132;Active
61401134;Active
61401136;Active
61401137;Active
61401138;Active
61401140;Active
61401142;Active
61401147;Active
61401148;Active
61401149;Active
61401150;Active
61401153;Active
61401155;Active
61401156;Active
61401157;Active
61401159;Active
61401160;Active
61401166;Active
61401167;Active
61401170;Active
61401171;Active
61401172;Active
61401173;Active
61401177;Active
61401180;Active
61401183;Active
61401185;Active
61401188;Active
61401189;Active
61401195;Active
61401197;Active
61401199;Active
61401200;Active
61401206;Active
61401210;Active
61401212;Active
61401218;Active
61401221;Active
61401223;Active
61401224;Active
61401225;Active
61401227;Active
61401228;Active
61401229;Active
61401234;Active
61401235;Active
61401238;Active
61401246;Active
61401248;Active
61401249;Active
61401250;Active
61401252;Active
61401254;Active
61401257;Active
61401258;Active
61401261;Active
61401263;Active
61401264;Active
61401265;Active
61401268;Active
61401272;Active
61401275;Active
61401276;Active
61401279;Active
61401280;Active
61401281;Active
61401282;Active
61401288;Active
61401291;Active
61401292;Active
61401296;Active
61401301;Active
61401302;Active
61401307;Active
61401309;Active
61401316;Active
61401323;Active
61401324;Active
61401325;Active
61401328;Active
61401329;Active
61401330;Active
61401334;Active
61401341;Active
61401343;Active
61401344;Active
61401347;Active
61401348;Active
61401349;Active
61401353;Active
61401356;Active
61401357;Active
61401359;Active
61401365;Active
61401366;Active
61401367;Active
61401371;Active
61401373;Active
61401375;Active
61401377;Active
61401378;Active
61401382;Active
61401386;Active
61401391;Active
61401393;Active
61401398;Active
61401399;Active
61401406;Active
61401409;Active
61401411;Active
61401413;Active
61401417;Active
61401421;Active
61401422;Active
61401426;Active
61401427;Active
61401428;Active
61401431;Active
61401436;Active
61401438;Active
61401440;Active
61401441;Active
61401443;Active
61401444;Active
61401445;Active
61401446;Active
61401447;Active
61401448;Active
61401450;Active
61401457;Active
61401460;Active
61401461;Active
61401462;Active
61401471;Active
61401472;Active
61401473;Active
61401474;Active
61401477;Active
61401478;Active
61401479;Active
61401480;Active
61401483;Active
61401485;Active
61401487;Active
61401489;Active
61401492;Active
61401496;Active
61401500;Active
61401502;Active
61401503;Active
61401506;Active
61401507;Active
61401508;Active
61401510;Active
61401512;Active
61401514;Active
61401517;Active
61401520;Active
61401523;Active
61401524;Active
61401530;Active
61401531;Active
61401534;Active
61401535;Active
61401537;Active
61401541;Active
61401543;Active
61401544;Active
61401545;Active
61401546;Active
61401547;Active
61401550;Active
61401551;Active
61401554;Active
61401555;Active
61401559;Active
61401560;Active
61401561;Active
61401568;Active
61401569;Active
61401571;Active
61401587;Active
61401588;Active
61401590;Active
61401591;Active
61401597;Active
61401598;Active
61401599;Active
61401602;Active
61401603;Active
61401604;Active
61401605;Active
61401606;Active
61401607;Active
61401610;Active
61401613;Active
61401616;Active
61401617;Active
61401620;Active
61401621;Active
61401625;Active
61401641;Active
61401642;Active
61401643;Active
61401646;Active
61401654;Active
61401656;Active
61401658;Active
61401670;Active
61401676;Active
61401679;Active
61401680;Active
61401682;Active
61401683;Active
61401684;Active
61401685;Active
61401686;Active
61401687;Active
61401690;Active
61401691;Active
61401693;Active
61401696;Active
61401700;Active
61401701;Active
61401703;Active
61401707;Active
61401710;Active
61401711;Active
61401712;Active
61401713;Active
61401714;Active
61401718;Active
61401722;Active
61401723;Active
61401725;Active
61401727;Active
61401728;Active
61401729;Active
61401733;Active
61401734;Active
61401736;Active
61401737;Active
61401738;Active
61401739;Active
61401741;Active
61401743;Active
61401744;Active
61401745;Active
61401746;Active
61401748;Active
61401749;Active
61401750;Active
61401752;Active
61401753;Active
61401754;Active
61401755;Active
61401756;Active
61401757;Active
61401758;Active
61401759;Active
61401760;Active
61401761;Active
61401762;Active
61401763;Active
61401764;Active
61401765;Active
61401766;Active
61401767;Active
61401768;Active
61401769;Active
61401770;Active
61401772;Active
61401773;Active
61401774;Active
61401775;Active
61401778;Active
61401779;Active
61401780;Active
61401781;Active
61401782;Active
61401783;Active
61401784;Active
61401786;Active
61401787;Active
61401788;Active
61401791;Active
61401792;Active
61401794;Active
61401795;Active
61401796;Active
61401798;Active
61401799;Active
61401801;Active
61401802;Active
61401806;Active
61401807;Active
61401809;Active
61401810;Active
61401811;Active
61401816;Active
61401817;Active
61401819;Active
61401820;Active
61401822;Active
61401828;Active
61401830;Active
61401831;Active
61401832;Active
61401836;Active
61401837;Active
61401839;Active
61401840;Active
61401841;Active
61401843;Active
61401844;Active
61401850;Active
61401851;Active
61401854;Active
61401858;Active
61401861;Active
61401862;Active
61401866;Active
61401867;Active
61401868;Active
61401869;Active
61401872;Active
61401873;Active
61401874;Active
61401875;Active
61401880;Active
61401881;Active
61401884;Active
61401885;Active
61401886;Active
61401887;Active
61401888;Active
61401889;Active
61401893;Active
61401894;Active
61401899;Active
61401903;Active
61401904;Active
61401905;Active
61401906;Active
61401907;Active
61401909;Active
61401910;Active
61401911;Active
61401912;Active
61401913;Active
61401914;Active
61401915;Active
61401916;Active
61401917;Active
61401919;Active
61401921;Active
61401922;Active
61401923;Active
61401924;Active
61401926;Active
61401927;Active
61401928;Active
61401929;Active
61401930;Active
61401931;Active
61401933;Active
61401934;Active
61401935;Active
61401938;Active
61401939;Active
61401940;Active
61401941;Active
61401942;Active
61401943;Active
61401944;Active
61401945;Active
61401946;Active
61401947;Active
61401948;Active
61401949;Active
61401951;Active
61401952;Active
61401954;Active
61401956;Active
61401958;Active
61401959;Active
61401960;Active
61401962;Active
61401964;Active
61401965;Active
61401968;Active
61401970;Active
61401971;Active
61401972;Active
61401973;Active
61401982;Active
61401983;Active
61401985;Active
61401988;Active
61401989;Active
61401991;Active
61401992;Active
61401996;Active
61401998;Active
61401999;Active
61402000;Active
61402006;Active
61402007;Active
61402009;Active
61402010;Active
61402014;Active
61402015;Active
61402017;Active
61402021;Active
61402024;Active
61402028;Active
61402030;Active
61402031;Active
61402032;Active
61402033;Active
61402034;Active
61402036;Active
61402038;Active
61402040;Active
61402041;Active
61402042;Active
61402045;Active
61402049;Active
61402051;Active
61402053;Active
61402055;Active
61402056;Active
61402063;Active
61402064;Active
61402067;Active
61402068;Active
61402072;Active
61402073;Active
61402077;Active
61402078;Active
61402080;Active
61402082;Active
61402083;Active
61402084;Active
61402086;Active
61402089;Active
61402090;Active
61402091;Active
61402092;Active
61402093;Active
61402094;Active
61402095;Active
61402096;Active
61402097;Active
61402098;Active
61402099;Active
61402100;Active
61402101;Active
61402104;Active
61402106;Active
61402107;Active
61402121;Active
61402124;Active
61402125;Active
61402127;Active
61402128;Active
61402129;Active
61402130;Active
61402131;Active
61402132;Active
61402133;Active
61402134;Active
61402142;Active
61402145;Active
61402146;Active
61402151;Active
61402153;Active
61402155;Active
61402156;Active
61402158;Active
61402159;Active
61402161;Active
61402162;Active
61402168;Active
61402173;Active
61402175;Active
61402181;Active
61402183;Active
61402185;Active
61402186;Active
61402192;Active
61402194;Active
61402197;Active
61402201;Active
61402202;Active
61402203;Active
61402204;Active
61402207;Active
61402208;Active
61402209;Active
61402210;Active
61402211;Active
61402212;Active
61402213;Active
61402214;Active
61402215;Active
61402220;Active
61402221;Active
61402222;Active
61402223;Active
61402224;Active
61402226;Active
61402227;Active
61402228;Active
61402229;Active
61402231;Active
61402232;Active
61402233;Active
61402234;Active
61402235;Active
61402237;Active
61402238;Active
61402239;Active
61402241;Active
61402244;Active
61402245;Active
61402246;Active
61402247;Active
61402248;Active
61402249;Active
61402251;Active
61402254;Active
61402261;Active
61402262;Active
61402264;Active
61402270;Active
61402271;Active
61402272;Active
61402278;Active
61402281;Active
61402283;Active
61402284;Active
61402288;Active
61402290;Active
61402291;Active
61402292;Active
61402293;Active
61402295;Active
61402297;Active
61402298;Active
61402299;Active
61402300;Active
61402302;Active
61402306;Active
61402308;Active
61402311;Active
61402316;Active
61402321;Active
61402323;Active
61402324;Active
61402326;Active
61402333;Active
61402336;Active
61402338;Active
61402340;Active
61402341;Active
61402344;Active
61402345;Active
61402348;Active
61402350;Active
61402352;Active
61402354;Active
61402356;Active
61402357;Active
61402359;Active
61402362;Active
61402365;Active
61402366;Active
61402368;Active
61402369;Active
61402371;Active
61402372;Active
61402373;Active
61402374;Active
61402375;Active
61402377;Active
61402378;Active
61402383;Active
61402384;Active
61402385;Active
61402386;Active
61402388;Active
61402389;Active
61402390;Active
61402391;Active
61402392;Active
61402393;Active
61402394;Active
61402395;Active
61402398;Active
61402400;Active
61402403;Active
61402404;Active
61402405;Active
61402406;Active
61402407;Active
61402409;Active
61402410;Active
61402411;Active
61402413;Active
61402414;Active
61402415;Active
61402417;Active
61402418;Active
61402419;Active
61402423;Active
61402427;Active
61402431;Active
61402432;Active
61402434;Active
61402435;Active
61402436;Active
61402439;Active
61402440;Active
61402441;Active
61402442;Active
61402443;Active
61402444;Active
61402446;Active
61402448;Active
61402449;Active
61402452;Active
61402453;Active
61402454;Active
61402455;Active
61402456;Active
61402457;Active
61402458;Active
61402459;Active
61402460;Active
61402461;Active
61402462;Active
61402464;Active
61402467;Active
61402469;Active
61402470;Active
61402471;Active
61402472;Active
61402475;Active
61402476;Active
61402482;Active
61402484;Active
61402489;Active
61402490;Active
61402492;Active
61402493;Active
61402495;Active
61402497;Active
61402498;Active
61402500;Active
61402503;Active
61402505;Active
61402506;Active
61402507;Active
61402508;Active
61402509;Active
61402511;Active
61402512;Active
61402513;Active
61402514;Active
61402517;Active
61402519;Active
61402525;Active
61402526;Active
61402531;Active
61402532;Active
61402540;Active
61402542;Active
61402544;Active
61402545;Active
61402548;Active
61402549;Active
61402551;Active
61402553;Active
61402555;Active
61402557;Active
61402559;Active
61402561;Active
61402562;Active
61402563;Active
61402564;Active
61402567;Active
61402568;Active
61402569;Active
61402576;Active
61402577;Active
61402578;Active
61402581;Active
61402582;Active
61402584;Active
61402587;Active
61402590;Active
61402592;Active
61402593;Active
61402595;Active
61402596;Active
61402601;Active
61402603;Active
61402607;Active
61402609;Active
61402610;Active
61402614;Active
61402615;Active
61402616;Active
61402617;Active
61402619;Active
61402621;Active
61402622;Active
61402623;Active
61402624;Active
61402625;Active
61402626;Active
61402631;Active
61402632;Active
61402633;Active
61402635;Active
61402638;Active
61402639;Active
61402642;Active
61402643;Active
61402644;Active
61402645;Active
61402646;Active
61402647;Active
61402648;Active
61402650;Active
61402652;Active
61402658;Active
61402663;Active
61402664;Active
61402670;Active
61402671;Active
61402672;Active
61402674;Active
61402677;Active
61402678;Active
61402681;Active
61402688;Active
61402692;Active
61402693;Active
61402696;Active
61402697;Active
61402699;Active
61402701;Active
61402704;Active
61402707;Active
61402710;Active
61402711;Active
61402714;Active
61402715;Active
61402719;Active
61402720;Active
61402721;Active
61402729;Active
61402730;Active
61402731;Active
61402732;Active
61402735;Active
61402736;Active
61402737;Active
61402739;Active
61402740;Active
61402741;Active
61402742;Active
61402744;Active
61402745;Active
61402748;Active
61402749;Active
61402750;Active
61402751;Active
61402752;Active
61402753;Active
61402755;Active
61402756;Active
61402757;Active
61402758;Active
61402759;Active
61402760;Active
61402762;Active
61402763;Active
61402765;Active
61402766;Active
61402767;Active
61402768;Active
61402769;Active
61402770;Active
61402775;Active
61402776;Active
61402777;Active
61402778;Active
61402779;Active
61402780;Active
61402781;Active
61402784;Active
61402786;Active
61402788;Active
61402794;Active
61402795;Active
61402796;Active
61402798;Active
61402799;Active
61402800;Active
61402804;Active
61402805;Active
61402806;Active
61402809;Active
61402811;Active
61402812;Active
61402813;Active
61402814;Active
61402815;Active
61402816;Active
61402817;Active
61402820;Active
61402821;Active
61402824;Active
61402826;Active
61402827;Active
61402828;Active
61402829;Active
61402830;Active
61402831;Active
61402833;Active
61402834;Active
61402836;Active
61402837;Active
61402839;Active
61402840;Active
61402841;Active
61402842;Active
61402844;Active
61402845;Active
61402847;Active
61402848;Active
61402849;Active
61402850;Active
61402852;Active
61402853;Active
61402854;Active
61402855;Active
61402856;Active
61402857;Active
61402859;Active
61402860;Active
61402861;Active
61402862;Active
61402865;Active
61402866;Active
61402867;Active
61402868;Active
61402869;Active
61402872;Active
61402873;Active
61402875;Active
61402876;Active
61402877;Active
61402878;Active
61402879;Active
61402880;Active
61402881;Active
61402882;Active
61402882;Active
61402883;Active
61402884;Active
61402885;Active
61402886;Active
61402887;Active
61402888;Active
61402889;Active
61402890;Active
61402891;Active
61402892;Active
61402893;Active
61402894;Active
61402895;Active
61402897;Active
61402898;Active
61402901;Active
61402902;Active
61402903;Active
61402904;Active
61402905;Active
61402906;Active
61402908;Active
61402909;Active
61402910;Active
61402911;Active
61402912;Active
61402913;Active
61402914;Active
61402915;Active
61402916;Active
61402917;Active
61402918;Active
61402919;Active
61402920;Active
61440098;Active
61451561;Active
61451563;Active
61451565;Active
61451566;Active
61451567;Active
61451568;Active
61451569;Active
61451570;Active
61451571;Active
61451572;Active
61451576;Active
61451577;Active
61451578;Active
61451579;Active
61451580;Active
61451581;Active
61451586;Active
61451587;Active
61451588;Active
61451596;Active
61451608;Active
61451616;Active
61451620;Active
61451621;Active
61451622;Active
61451623;Active
61451626;Active
61451632;Active
61451636;Active
61451637;Active
61451643;Active
61451648;Active
61451655;Active
61451656;Active
61451662;Active
61451666;Active
61451671;Active
61451672;Active
61451680;Active
61451693;Active
61451694;Active
61451695;Active
61451696;Active
61451703;Active
61451705;Active
61451707;Active
61451708;Active
61451713;Active
61451720;Active
61451722;Active
61451724;Active
61451727;Active
61451728;Active
61451729;Active
61451730;Active
61451732;Active
61451734;Active
61451737;Active
61451738;Active
61470004;Active
61470005;Active
61470006;Active
61470007;Active
61470011;Active
61470012;Active
61470014;Active
61470015;Active
61470024;Active
61470028;Active
61470034;Active
61470037;Active
61470041;Active
61470042;Active
61470043;Active
61470051;Active
61470056;Active
61470058;Active
61470059;Active
61470063;Active
61470072;Active
61470073;Active
61470076;Active
61470085;Active
61470086;Active
61470087;Active
61470091;Active
61470092;Active
61470093;Active
61470098;Active
61470100;Active
61470101;Active
61470102;Active
61470105;Active
61470108;Active
61470109;Active
61470115;Active
61470116;Active
61470117;Active
61470119;Active
61470121;Active
61470123;Active
61470125;Active
61470126;Active
61470127;Active
61470130;Active
61470132;Active
61470137;Active
61470142;Active
61470145;Active
61470153;Active
61470159;Active
61470160;Active
61470172;Active
61470173;Active
61470216;Active
61470218;Active
61470220;Active
61470234;Active
61470236;Active
61470241;Active
61470257;Active
61470291;Active
61470293;Active
61470301;Active
61470302;Active
61470304;Active
61470305;Active
61470308;Active
61470322;Active
61470330;Active
61470335;Active
61470354;Active
61470364;Active
61470388;Active
61470393;Active
61470394;Active
61470419;Active
61470424;Active
61470427;Active
61470429;Active
61470441;Active
61470459;Active
61470472;Active
61470473;Active
61470479;Active
61470492;Active
61470494;Active
61470496;Active
61470497;Active
61470507;Active
61470519;Active
61470521;Active
61470524;Active
61470542;Active
61470543;Active
61470557;Active
61470573;Active
61470578;Active
61470579;Active
61470585;Active
61470589;Active
61470610;Active
61470615;Active
61470639;Active
61470644;Active
61470652;Active
61470653;Active
61470658;Active
61470659;Active
61470681;Active
61470689;Active
61470699;Active
61470702;Active
61470733;Active
61470735;Active
61470736;Active
61470743;Active
61470753;Active
61470755;Active
61470759;Active
61470770;Active
61470774;Active
61470783;Active
61470809;Active
61470817;Active
61470834;Active
61470841;Active
61470849;Active
61470850;Active
61470853;Active
61470860;Active
61470864;Active
61470869;Active
61470872;Active
61470880;Active
61470906;Active
61470918;Active
61470924;Active
61470929;Active
61470933;Active
61470940;Active
61470972;Active
61470983;Active
61470988;Active
61470995;Active
61471008;Active
61471009;Active
61471015;Active
61477001;Active
61477002;Active
61477003;Active
61477005;Active
61477006;Active
61477009;Active
61477011;Active
61477012;Active
61477015;Active
61477016;Active
61477019;Active
61477020;Active
61477023;Active
61477027;Active
61477028;Active
61477031;Active
61477034;Active
61477035;Active
61477037;Active
61477038;Active
61477039;Active
61477041;Active
61477042;Active
61477045;Active
61477046;Active
61477051;Active
61477053;Active
61477057;Active
61477060;Active
61477061;Active
61477062;Active
61477064;Active
61477065;Active
61477067;Active
61477069;Active
61477070;Active
61477071;Active
61477072;Active
61477073;Active
61477074;Active
61477075;Active
61477077;Active
61477078;Active
61477079;Active
61477080;Active
61477083;Active
61477084;Active
61477086;Active
61477087;Active
61477088;Active
61477089;Active
61477090;Active
61477091;Active
61477092;Active
61477094;Active
61477095;Active
61477096;Active
61477097;Active
61477098;Active
61477099;Active
61477100;Active
61477101;Active
61477102;Active
61477103;Active
61477104;Active
61477105;Active
61477106;Active
61477107;Active
61477108;Active
61477110;Active
61477111;Active
61477112;Active
61477113;Active
61477114;Active
61477116;Active
61477117;Active
61477118;Active
61477119;Active
61477120;Active
61477121;Active
61477122;Active
61477123;Active
61477124;Active
61477125;Active
61477126;Active
61477129;Active
61477132;Active
61477135;Active
61477136;Active
61477137;Active
61477138;Active
61477139;Active
61477140;Active
61477141;Active
61477142;Active
61477143;Active
61477144;Active
61477145;Active
61477624;Active
61477631;Active
61477638;Active
61477640;Active
61477641;Active
61477642;Active
61477643;Active
61477644;Active
61477645;Active
61477646;Active
61477647;Active
61477652;Active
61477653;Active
61477655;Active
61477660;Active
61477661;Active
61477662;Active
61477663;Active
61477664;Active
61477665;Active
61477666;Active
61477667;Active
61477668;Active
61477669;Active
61477670;Active
61477671;Active
61477672;Active
61477673;Active
61477674;Active
61477675;Active
61477676;Active
61477678;Active
61477679;Active
61477680;Active
61477682;Active
61477683;Active
61477684;Active
61477685;Active
61477687;Active
61477689;Active
61477690;Active
61477691;Active
61477692;Active
61477693;Active
61477694;Active
61477695;Active
61477696;Active
61477697;Active
61477698;Active
61477699;Active
61477700;Active
61477701;Active
61477702;Active
61477703;Active
61477704;Active
61477705;Active
61477706;Active
61477707;Active
61477708;Active
61477709;Active
61477710;Active
61477711;Active
61477713;Active
61477714;Active
61477715;Active
61477716;Active
61477717;Active
61477718;Active
61477719;Active
61477720;Active
61477721;Active
61477722;Active
61477723;Active
61477724;Active
61477725;Active
61477726;Active
61477727;Active
61477728;Active
61477729;Active
61477730;Active
61477731;Active
61477732;Active
61477733;Active
61477734;Active
61477735;Active
61477736;Active
61477737;Active
61477738;Active
61477739;Active
61477740;Active
61477741;Active
61477742;Active
61477743;Active
61477744;Active
61477745;Active
61477746;Active
61477747;Active
61477748;Active
61477749;Active
61477750;Active
61477751;Active
61477752;Active
61477753;Active
61477754;Active
61477755;Active
61477756;Active
61477757;Active
61477758;Active
61477759;Active
61477760;Active
61477761;Active
61477762;Active
61477763;Active
61477764;Active
61477765;Active
61477766;Active
61477767;Active
61477768;Active
61477769;Active
61477770;Active
61477771;Active
61477772;Active
61477774;Active
61477775;Active
61477776;Active
61477777;Active
61477778;Active
61477779;Active
61477780;Active
61477781;Active
61477782;Active
61477783;Active
61477784;Active
61477785;Active
61477786;Active
61477787;Active
61477788;Active
61477792;Active
61477793;Active
61477794;Active
61477795;Active
61477796;Active
61477799;Active
61477800;Active
61477801;Active
61477802;Active
61477803;Active
61477804;Active
61477805;Active
61477806;Active
61477807;Active
61477808;Active
61477809;Active
61477810;Active
61477811;Active
61477812;Active
61477813;Active
61477814;Active
61477816;Active
61477818;Active
61477819;Active
61477820;Active
61477821;Active
61477822;Active
61477823;Active
61477824;Active
61477825;Active
61477826;Active
61477827;Active
61477828;Active
61477829;Active
61477831;Active
61477832;Active
61477833;Active
61477834;Active
61477835;Active
61477837;Active
61477838;Active
61477839;Active
61477840;Active
61477841;Active
61477842;Active
61477843;Active
61477844;Active
61477845;Active
61477850;Active
61477851;Active
61477852;Active
61477853;Active
61477854;Active
61477855;Active
61477856;Active
61477857;Active
61477858;Active
61477859;Active
61477860;Active
61477861;Active
61477862;Active
61477863;Active
61477864;Active
61477865;Active
61477867;Active
61477868;Active
61477869;Active
61477870;Active
61477871;Active
61477872;Active
61477874;Active
61477875;Active
61477876;Active
61477877;Active
61477878;Active
61477879;Active
61477880;Active
61477881;Active
61477882;Active
61477883;Active
61477885;Active
61477886;Active
61477887;Active
61477888;Active
61477889;Active
61477890;Active
61477891;Active
61477892;Active
61477893;Active
61477894;Active
61477895;Active
61477897;Active
61477898;Active
61477899;Active
61477900;Active
61477906;Active
61477909;Active
61477911;Active
61477912;Active
61477926;Active
61477927;Active
61477928;Active
61477929;Active
61477930;Active
61477931;Active
61477932;Active
61477934;Active
61477936;Active
61477937;Active
61477938;Active
61477939;Active
61477940;Active
61477941;Active
61477942;Active
61477943;Active
61477944;Active
61477945;Active
61477946;Active
61477947;Active
61477948;Active
61477949;Active
61477951;Active
61477952;Active
61477953;Active
61477954;Active
61477956;Active
61477957;Active
61477958;Active
61477959;Active
61477960;Active
61477961;Active
61477962;Active
61477963;Active
61477964;Active
61477965;Active
61477966;Active
61477967;Active
61477968;Active
61477969;Active
61477970;Active
61477971;Active
61477972;Active
61477973;Active
61477974;Active
61477976;Active
61477977;Active
61477978;Active
61477979;Active
61477980;Active
61477981;Active
61477982;Active
61477985;Active
61477986;Active
61477987;Active
61477988;Active
61477989;Active
61477990;Active
61477992;Active
61477993;Active
61477995;Active
61477996;Active
61477997;Active
61477998;Active
61477999;Active
61478001;Active
61478002;Active
61478003;Active
61478004;Active
61478005;Active
61478006;Active
61478007;Active
61478008;Active
61478009;Active
61478011;Active
61478012;Active
61478013;Active
61478014;Active
61478015;Active
61478016;Active
61478018;Active
61478019;Active
61478020;Active
61478021;Active
61478022;Active
61478023;Active
61478024;Active
61478025;Active
61478026;Active
61478027;Active
61478028;Active
61478029;Active
61478030;Active
61478032;Active
61478033;Active
61478035;Active
61478036;Active
61478037;Active
61478038;Active
61478039;Active
